Date;class
01-janv;winter
01-févr;winter
01-mars;winter
01-avr;winter
01-mai;winter
01-juin;winter
01-juil;winter
01-août;winter
01-sept;winter
01-oct;winter
01-nov;winter
01-déc;winter
janv-13;winter
janv-14;winter
janv-15;winter
janv-16;winter
janv-17;winter
janv-18;winter
janv-19;winter
janv-20;winter
janv-21;winter
janv-22;winter
janv-23;winter
janv-24;winter
janv-25;winter
janv-26;winter
janv-27;winter
janv-28;winter
janv-29;winter
janv-30;winter
janv-31;winter
02-janv;winter
02-févr;winter
02-mars;winter
02-avr;winter
02-mai;winter
02-juin;winter
02-juil;winter
02-août;winter
02-sept;winter
02-oct;winter
02-nov;winter
02-déc;winter
févr-13;winter
févr-14;winter
févr-15;winter
févr-16;winter
févr-17;winter
févr-18;winter
févr-19;winter
févr-20;winter
févr-21;winter
févr-22;winter
févr-23;winter
févr-24;winter
févr-25;winter
févr-26;winter
févr-27;winter
févr-28;winter
févr-29;winter
03-janv;interSeason
03-févr;interSeason
03-mars;interSeason
03-avr;interSeason
03-mai;interSeason
03-juin;interSeason
03-juil;interSeason
03-août;interSeason
03-sept;interSeason
03-oct;interSeason
03-nov;interSeason
03-déc;interSeason
mars-13;interSeason
mars-14;interSeason
mars-15;interSeason
mars-16;interSeason
mars-17;interSeason
mars-18;interSeason
mars-19;interSeason
mars-20;interSeason
mars-21;interSeason
mars-22;interSeason
mars-23;interSeason
mars-24;interSeason
mars-25;interSeason
mars-26;interSeason
mars-27;interSeason
mars-28;interSeason
mars-29;interSeason
mars-30;interSeason
mars-31;interSeason
04-janv;interSeason
04-févr;interSeason
04-mars;interSeason
04-avr;interSeason
04-mai;interSeason
04-juin;interSeason
04-juil;interSeason
04-août;interSeason
04-sept;interSeason
04-oct;interSeason
04-nov;interSeason
04-déc;interSeason
avr-13;interSeason
avr-14;interSeason
avr-15;interSeason
avr-16;interSeason
avr-17;interSeason
avr-18;interSeason
avr-19;interSeason
avr-20;interSeason
avr-21;interSeason
avr-22;interSeason
avr-23;interSeason
avr-24;interSeason
avr-25;interSeason
avr-26;interSeason
avr-27;interSeason
avr-28;interSeason
avr-29;interSeason
avr-30;interSeason
05-janv;interSeason
05-févr;interSeason
05-mars;interSeason
05-avr;interSeason
05-mai;interSeason
05-juin;interSeason
05-juil;interSeason
05-août;interSeason
05-sept;interSeason
05-oct;interSeason
05-nov;interSeason
05-déc;interSeason
mai-13;interSeason
mai-14;interSeason
mai-15;interSeason
mai-16;summer
mai-17;summer
mai-18;summer
mai-19;summer
mai-20;summer
mai-21;summer
mai-22;summer
mai-23;summer
mai-24;summer
mai-25;summer
mai-26;summer
mai-27;summer
mai-28;summer
mai-29;summer
mai-30;summer
mai-31;summer
06-janv;summer
06-févr;summer
06-mars;summer
06-avr;summer
06-mai;summer
06-juin;summer
06-juil;summer
06-août;summer
06-sept;summer
06-oct;summer
06-nov;summer
06-déc;summer
juin-13;summer
juin-14;summer
juin-15;summer
juin-16;summer
juin-17;summer
juin-18;summer
juin-19;summer
juin-20;summer
juin-21;summer
juin-22;summer
juin-23;summer
juin-24;summer
juin-25;summer
juin-26;summer
juin-27;summer
juin-28;summer
juin-29;summer
juin-30;summer
07-janv;summer
07-févr;summer
07-mars;summer
07-avr;summer
07-mai;summer
07-juin;summer
07-juil;summer
07-août;summer
07-sept;summer
07-oct;summer
07-nov;summer
07-déc;summer
juil-13;summer
juil-14;summer
juil-15;summer
juil-16;summer
juil-17;summer
juil-18;summer
juil-19;summer
juil-20;summer
juil-21;summer
juil-22;summer
juil-23;summer
juil-24;summer
juil-25;summer
juil-26;summer
juil-27;summer
juil-28;summer
juil-29;summer
juil-30;summer
juil-31;summer
08-janv;summer
08-févr;summer
08-mars;summer
08-avr;summer
08-mai;summer
08-juin;summer
08-juil;summer
08-août;summer
08-sept;summer
08-oct;summer
08-nov;summer
08-déc;summer
août-13;summer
août-14;summer
août-15;summer
août-16;summer
août-17;summer
août-18;summer
août-19;summer
août-20;summer
août-21;summer
août-22;summer
août-23;summer
août-24;summer
août-25;summer
août-26;summer
août-27;summer
août-28;summer
août-29;summer
août-30;summer
août-31;summer
09-janv;summer
09-févr;summer
09-mars;summer
09-avr;summer
09-mai;summer
09-juin;summer
09-juil;summer
09-août;summer
09-sept;summer
09-oct;summer
09-nov;summer
09-déc;summer
sept-13;summer
sept-14;summer
sept-15;summer
sept-16;summer
sept-17;summer
sept-18;summer
sept-19;summer
sept-20;summer
sept-21;summer
sept-22;summer
sept-23;summer
sept-24;summer
sept-25;summer
sept-26;summer
sept-27;summer
sept-28;summer
sept-29;summer
sept-30;summer
10-janv;interSeason
10-févr;interSeason
10-mars;interSeason
10-avr;interSeason
10-mai;interSeason
10-juin;interSeason
10-juil;interSeason
10-août;interSeason
10-sept;interSeason
10-oct;interSeason
10-nov;interSeason
10-déc;interSeason
oct-13;interSeason
oct-14;interSeason
oct-15;interSeason
oct-16;interSeason
oct-17;interSeason
oct-18;interSeason
oct-19;interSeason
oct-20;interSeason
oct-21;interSeason
oct-22;interSeason
oct-23;interSeason
oct-24;interSeason
oct-25;interSeason
oct-26;interSeason
oct-27;interSeason
oct-28;interSeason
oct-29;interSeason
oct-30;interSeason
oct-31;interSeason
11-janv;winter
11-févr;winter
11-mars;winter
11-avr;winter
11-mai;winter
11-juin;winter
11-juil;winter
11-août;winter
11-sept;winter
11-oct;winter
11-nov;winter
11-déc;winter
nov-13;winter
nov-14;winter
nov-15;winter
nov-16;winter
nov-17;winter
nov-18;winter
nov-19;winter
nov-20;winter
nov-21;winter
nov-22;winter
nov-23;winter
nov-24;winter
nov-25;winter
nov-26;winter
nov-27;winter
nov-28;winter
nov-29;winter
nov-30;winter
12-janv;winter
12-févr;winter
12-mars;winter
12-avr;winter
12-mai;winter
12-juin;winter
12-juil;winter
12-août;winter
12-sept;winter
12-oct;winter
12-nov;winter
12-déc;winter
déc-13;winter
déc-14;winter
déc-15;winter
déc-16;winter
déc-17;winter
déc-18;winter
déc-19;winter
déc-20;winter
déc-21;winter
déc-22;winter
déc-23;winter
déc-24;winter
déc-25;winter
déc-26;winter
déc-27;winter
déc-28;winter
déc-29;winter
déc-30;winter
déc-31;winter
